{
  "project_info": {
    "project_number": "531228164527",
    "firebase_url": "https://module-c8b9a-default-rtdb.firebaseio.com",
    "project_id": "module-c8b9a",
    "storage_bucket": "module-c8b9a.appspot.com"
  },
  "client": [
    {
      "client_info": {
        "mobilesdk_app_id": "1:531228164527:android:69cf50c250ce12499c2f5a",
        "android_client_info": {
          "package_name": "com.example.cashapp2"
        }
      },
      "oauth_client": [
        {
          "client_id": "531228164527-sd90aladdekm7dtlreshojvjn7kuv0sl.apps.googleusercontent.com",
          "client_type": 3
        }
      ],
      "api_key": [
        {
          "current_key": "AIzaSyAM3n6xpPL8wvRWV-LP90yAJpB6-ySYfws"
        }
      ],
      "services": {
        "appinvite_service": {
          "other_platform_oauth_client": [
            {
              "client_id": "531228164527-sd90aladdekm7dtlreshojvjn7kuv0sl.apps.googleusercontent.com",
              "client_type": 3
            }
          ]
        }
      }
    },
    {
      "client_info": {
        "mobilesdk_app_id": "1:531228164527:android:7e79f7a8715d3f4b9c2f5a",
        "android_client_info": {
          "package_name": "com.example.module"
        }
      },
      "oauth_client": [
        {
          "client_id": "531228164527-sd90aladdekm7dtlreshojvjn7kuv0sl.apps.googleusercontent.com",
          "client_type": 3
        }
      ],
      "api_key": [
        {
          "current_key": "AIzaSyAM3n6xpPL8wvRWV-LP90yAJpB6-ySYfws"
        }
      ],
      "services": {
        "appinvite_service": {
          "other_platform_oauth_client": [
            {
              "client_id": "531228164527-sd90aladdekm7dtlreshojvjn7kuv0sl.apps.googleusercontent.com",
              "client_type": 3
            }
          ]
        }
      }
    }
  ],
  "configuration_version": "1"
}